event	peoples
TBUXMP	people_0204,people_0220,people_0200,people_0225,people_0202,people_0208,people_0143,people_0140,people_0144,people_0145,people_0148,people_0164,people_0162,people_0166,people_0226,people_0154,people_0156,people_0128,people_0190,people_0218,people_0192,people_0196,people_0198,people_0216,people_0214,people_0230,people_0231,people_0232,people_0234,people_0235,people_0136,people_0158,people_0131,people_0172,people_0171,people_0170,people_0176,people_0153,people_0138,people_0293,people_0126,people_0186,people_0184,people_0222,people_0180,people_0188
RKBRLF	people_0220,people_0226,people_0229,people_0208,people_0142,people_0148,people_0164,people_0162,people_0243,people_0218,people_0194,people_0138,people_0216,people_0230,people_0232,people_0233,people_0234,people_0236,people_0124,people_0136,people_0179,people_0134,people_0158,people_0130,people_0172,people_0176,people_0174,people_0168,people_0186,people_0184,people_0242,people_0188,people_0132
DEQWYE	people_0277
HDZODA	people_0206,people_0200,people_0202,people_0208,people_0143,people_0140,people_0220,people_0146,people_0172,people_0162,people_0164,people_0148,people_0226,people_0128,people_0129,people_0190,people_0218,people_0192,people_0196,people_0198,people_0152,people_0216,people_0242,people_0234,people_0236,people_0137,people_0136,people_0134,people_0158,people_0130,people_0173,people_0154,people_0156,people_0151,people_0174,people_0186,people_0184,people_0185,people_0180,people_0188,people_0132
ITRWLX	people_0205,people_0206,people_0200,people_0225,people_0229,people_0209,people_0168,people_0169,people_0220,people_0145,people_0161,people_0163,people_0164,people_0129,people_0149,people_0190,people_0193,people_0192,people_0197,people_0198,people_0213,people_0215,people_0235,people_0236,people_0237,people_0179,people_0133,people_0130,people_0173,people_0171,people_0156,people_0151,people_0143,people_0135,people_0217,people_0241,people_0187,people_0243,people_0185,people_0183,people_0181,people_0159
ZXBAUM	people_0269,people_0270,people_0254,people_0255,people_0253,people_0247,people_0251,people_0249,people_0265,people_0264,people_0263,people_0271,people_0259
RKCUYJ	people_0282
LXPKYU	people_0204,people_0220,people_0226,people_0202,people_0142,people_0169,people_0144,people_0172,people_0161,people_0162,people_0164,people_0128,people_0222,people_0190,people_0218,people_0196,people_0213,people_0210,people_0138,people_0216,people_0214,people_0234,people_0237,people_0136,people_0134,people_0158,people_0130,people_0154,people_0156,people_0174,people_0186,people_0240,people_0184,people_0242,people_0182,people_0180,people_0132
YFEDKL	people_0029,people_0021,people_0075,people_0025,people_0027,people_0007,people_0043,people_0005,people_0003,people_0065,people_0067,people_0047,people_0063,people_0079,people_0009,people_0035,people_0031,people_0017,people_0011,people_0013,people_0051,people_0053,people_0056,people_0057,people_0080,people_0077
EFWOHS	people_0286
IVHFQB	people_0279
XLVWTN	people_0275
SJOGPL	people_0207,people_0201,people_0225,people_0229,people_0209,people_0142,people_0169,people_0141,people_0147,people_0227,people_0149,people_0165,people_0151,people_0129,people_0191,people_0193,people_0185,people_0153,people_0213,people_0217,people_0215,people_0157,people_0231,people_0233,people_0235,people_0237,people_0293,people_0179,people_0133,people_0131,people_0130,people_0173,people_0171,people_0177,people_0175,people_0143,people_0125,people_0135,people_0241,people_0187,people_0243,people_0127,people_0183,people_0181
MHMUTP	people_0269,people_0256,people_0250,people_0246,people_0266,people_0264,people_0260
PMZBHW	people_0274
VKCNHR	people_0119,people_0109,people_0111,people_0107,people_0105,people_0115,people_0103,people_0101,people_0098,people_0121,people_0088,people_0087,people_0085,people_0091
XJGDCY	people_0022,people_0006,people_0004,people_0002,people_0043,people_0064,people_0040,people_0078,people_0060,people_0009,people_0018,people_0038,people_0036,people_0034,people_0032,people_0070,people_0010,people_0074,people_0052,people_0054,people_0055,people_0056,people_0016,people_0076,people_0080
KAISKA	people_0276
HVTEDJ	people_0280
QQLXSN	people_0204,people_0206,people_0200,people_0222,people_0208,people_0168,people_0143,people_0140,people_0220,people_0165,people_0226,people_0190,people_0218,people_0196,people_0138,people_0216,people_0215,people_0234,people_0236,people_0136,people_0179,people_0132,people_0130,people_0172,people_0156,people_0152,people_0142,people_0135,people_0186,people_0184,people_0185,people_0180,people_0188
FPSLUL	people_0204,people_0206,people_0200,people_0202,people_0228,people_0209,people_0168,people_0220,people_0146,people_0172,people_0148,people_0164,people_0241,people_0170,people_0128,people_0222,people_0196,people_0198,people_0138,people_0213,people_0214,people_0230,people_0232,people_0234,people_0236,people_0178,people_0158,people_0130,people_0154,people_0156,people_0176,people_0152,people_0186,people_0134,people_0182,people_0180,people_0188,people_0132
TURMGX	people_0205,people_0201,people_0225,people_0229,people_0142,people_0169,people_0141,people_0163,people_0165,people_0129,people_0193,people_0219,people_0196,people_0213,people_0233,people_0235,people_0237,people_0137,people_0179,people_0132,people_0131,people_0172,people_0157,people_0153,people_0174,people_0125,people_0241,people_0243,people_0185,people_0183,people_0181,people_0189
XGMEEJ	people_0029,people_0023,people_0022,people_0027,people_0007,people_0005,people_0043,people_0067,people_0047,people_0041,people_0063,people_0009,people_0045,people_0035,people_0033,people_0031,people_0058,people_0070,people_0017,people_0076,people_0077,people_0079,people_0055
KNFBIP	people_0141,people_0205,people_0201,people_0203,people_0209,people_0155,people_0127,people_0223,people_0161,people_0163,people_0165,people_0241,people_0225,people_0240,people_0151,people_0129,people_0193,people_0153,people_0213,people_0211,people_0217,people_0157,people_0231,people_0233,people_0237,people_0135,people_0158,people_0131,people_0173,people_0171,people_0177,people_0175,people_0186,people_0187,people_0243,people_0185,people_0183,people_0180
MAPOFF	people_0255,people_0245,people_0253,people_0247,people_0249,people_0265,people_0263,people_0259
OXSAQD	people_0289
WILYIL	people_0119,people_0108,people_0109,people_0111,people_0107,people_0113,people_0105,people_0115,people_0103,people_0099,people_0089,people_0088,people_0095,people_0085,people_0083,people_0091,people_0121
DUKWAX	people_0109,people_0113,people_0115,people_0101,people_0089,people_0085,people_0083,people_0091,people_0093
YUOBNV	people_0278
DJCTXK	people_0289
AYEROF	people_0029,people_0027,people_0005,people_0004,people_0003,people_0001,people_0043,people_0067,people_0047,people_0041,people_0063,people_0031,people_0059,people_0017,people_0011,people_0013,people_0051,people_0052,people_0053,people_0019,people_0057,people_0048
WBXUUK	people_0291
OSFCVZ	people_0257,people_0254,people_0255,people_0245,people_0253,people_0251,people_0265,people_0259
ECAJCD	people_0275
YUFJYX	people_0285
LRZXLZ	people_0204,people_0220,people_0201,people_0203,people_0229,people_0209,people_0142,people_0143,people_0141,people_0149,people_0129,people_0127,people_0225,people_0218,people_0191,people_0190,people_0193,people_0219,people_0153,people_0197,people_0196,people_0199,people_0198,people_0211,people_0217,people_0215,people_0233,people_0237,people_0137,people_0136,people_0179,people_0133,people_0213,people_0155,people_0171,people_0175,people_0169,people_0290,people_0241,people_0184,people_0185,people_0183,people_0159,people_0188,people_0189
ONOOCP	people_0205,people_0201,people_0200,people_0203,people_0229,people_0169,people_0140,people_0141,people_0161,people_0163,people_0164,people_0165,people_0167,people_0243,people_0149,people_0225,people_0218,people_0129,people_0193,people_0219,people_0153,people_0199,people_0213,people_0217,people_0215,people_0231,people_0233,people_0237,people_0227,people_0136,people_0173,people_0171,people_0151,people_0175,people_0143,people_0241,people_0187,people_0184,people_0185,people_0183
JWBRRF	people_0270,people_0244,people_0266,people_0265,people_0264,people_0263,people_0258,people_0259
EZYDNO	people_0279,people_0282
QCDAXE	people_0281
KBDYXP	people_0222,people_0206,people_0200,people_0202,people_0208,people_0142,people_0140,people_0146,people_0172,people_0148,people_0164,people_0156,people_0128,people_0224,people_0150,people_0218,people_0192,people_0196,people_0198,people_0138,people_0216,people_0242,people_0230,people_0236,people_0136,people_0179,people_0178,people_0158,people_0130,people_0154,people_0170,people_0176,people_0174,people_0124,people_0187,people_0134,people_0188,people_0132
ZFPPZQ	people_0290
ZCLAHM	people_0274
GIDHCR	people_0120,people_0112,people_0106,people_0105,people_0100,people_0116,people_0098,people_0122,people_0094,people_0086,people_0084
BWNXGN	people_0108,people_0106,people_0110,people_0104,people_0105,people_0102,people_0116,people_0098,people_0122,people_0088,people_0094,people_0086
MMQSLS	people_0278
YAPSGX	people_0141,people_0223,people_0221,people_0201,people_0203,people_0229,people_0143,people_0127,people_0147,people_0145,people_0148,people_0149,people_0129,people_0225,people_0151,people_0190,people_0193,people_0219,people_0197,people_0213,people_0217,people_0230,people_0233,people_0234,people_0235,people_0135,people_0133,people_0131,people_0173,people_0171,people_0177,people_0153,people_0241,people_0187,people_0184,people_0185,people_0183,people_0181,people_0188
DXHTPQ	people_0288
OCFVMI	people_0022,people_0006,people_0004,people_0069,people_0002,people_0001,people_0042,people_0064,people_0066,people_0047,people_0060,people_0044,people_0040,people_0038,people_0036,people_0034,people_0058,people_0016,people_0010,people_0050,people_0052,people_0056,people_0078,people_0076
XMIYDM	people_0286
GUXCBJ	people_0074,people_0020,people_0022,people_0024,people_0027,people_0026,people_0048,people_0042,people_0064,people_0040,people_0060,people_0044,people_0066,people_0018,people_0008,people_0036,people_0034,people_0032,people_0016,people_0010,people_0012,people_0050,people_0078,people_0054,people_0070,people_0004,people_0076
KFIXTP	people_0077,people_0021,people_0020,people_0022,people_0007,people_0004,people_0002,people_0064,people_0043,people_0042,people_0040,people_0078,people_0060,people_0045,people_0008,people_0018,people_0036,people_0034,people_0032,people_0058,people_0070,people_0010,people_0011,people_0052,people_0054,people_0055,people_0056,people_0076,people_0080,people_0068
XMZPXP	people_0075,people_0027,people_0007,people_0005,people_0003,people_0001,people_0067,people_0041,people_0063,people_0079,people_0009,people_0019,people_0045,people_0035,people_0032,people_0073,people_0017,people_0076,people_0077,people_0013,people_0053,people_0055,people_0056,people_0057
GQIGWG	people_0120,people_0112,people_0114,people_0116,people_0098,people_0122,people_0088,people_0094,people_0086,people_0082,people_0092
VBFAUP	people_0206,people_0201,people_0200,people_0225,people_0224,people_0142,people_0126,people_0220,people_0154,people_0148,people_0164,people_0162,people_0226,people_0240,people_0190,people_0218,people_0196,people_0212,people_0198,people_0214,people_0215,people_0230,people_0232,people_0234,people_0236,people_0179,people_0178,people_0159,people_0132,people_0172,people_0171,people_0156,people_0176,people_0174,people_0187,people_0184,people_0182,people_0180,people_0188,people_0158
FZXOSR	people_0119,people_0111,people_0113,people_0105,people_0115,people_0101,people_0099,people_0095,people_0097,people_0083,people_0091,people_0121
EEEWAQ	people_0279
AJYWRQ	people_0277
WURLZC	people_0284
EHGCMH	people_0109,people_0113,people_0104,people_0105,people_0101,people_0293,people_0120,people_0099,people_0087,people_0091,people_0081
AXXKDN	people_0292
AQSGNX	people_0141,people_0221,people_0206,people_0201,people_0226,people_0225,people_0209,people_0140,people_0127,people_0145,people_0161,people_0163,people_0171,people_0165,people_0149,people_0129,people_0193,people_0196,people_0213,people_0211,people_0217,people_0232,people_0233,people_0237,people_0179,people_0133,people_0158,people_0157,people_0153,people_0135,people_0241,people_0187,people_0243,people_0185,people_0181,people_0189
KQNFZS	people_0266,people_0256,people_0254,people_0245,people_0250,people_0246,people_0248,people_0264,people_0272,people_0260
ZJAFSW	people_0108,people_0106,people_0104,people_0102,people_0103,people_0114,people_0098,people_0122,people_0087,people_0082,people_0092
SWHYEF	people_0285
HCRDXW	people_0256,people_0254,people_0252,people_0250,people_0264,people_0270,people_0258,people_0260
LNRNBX	people_0029,people_0055,people_0079,people_0063,people_0021,people_0023,people_0035,people_0049,people_0031,people_0007,people_0005,people_0017,people_0003,people_0011,people_0013,people_0041,people_0053,people_0061,people_0019,people_0009,people_0057
ERKHJK	people_0205,people_0220,people_0201,people_0226,people_0203,people_0169,people_0141,people_0145,people_0161,people_0148,people_0163,people_0157,people_0149,people_0127,people_0191,people_0219,people_0198,people_0211,people_0217,people_0233,people_0237,people_0137,people_0179,people_0133,people_0158,people_0131,people_0213,people_0173,people_0171,people_0151,people_0176,people_0143,people_0241,people_0187,people_0185,people_0180,people_0181,people_0189
YOVUPI	people_0075,people_0025,people_0027,people_0007,people_0043,people_0049,people_0003,people_0001,people_0065,people_0064,people_0067,people_0061,people_0063,people_0047,people_0019,people_0045,people_0035,people_0031,people_0077,people_0013,people_0053,people_0055,people_0056,people_0005
TCBLEK	people_0222,people_0201,people_0203,people_0229,people_0209,people_0169,people_0141,people_0145,people_0161,people_0163,people_0129,people_0149,people_0225,people_0191,people_0193,people_0219,people_0197,people_0199,people_0213,people_0231,people_0233,people_0237,people_0227,people_0179,people_0133,people_0132,people_0130,people_0155,people_0171,people_0177,people_0143,people_0125,people_0241,people_0243,people_0185,people_0183,people_0181,people_0159
JRHIYR	people_0205,people_0222,people_0220,people_0200,people_0225,people_0202,people_0219,people_0228,people_0168,people_0140,people_0127,people_0162,people_0164,people_0148,people_0156,people_0128,people_0218,people_0129,people_0190,people_0193,people_0192,people_0196,people_0198,people_0138,people_0216,people_0242,people_0230,people_0233,people_0236,people_0280,people_0136,people_0178,people_0132,people_0130,people_0154,people_0171,people_0170,people_0174,people_0142,people_0184,people_0134,people_0182,people_0180,people_0188
RDTQZL	people_0283
JHEPHI	people_0292
MAHQLO	people_0205,people_0204,people_0206,people_0200,people_0222,people_0142,people_0169,people_0140,people_0146,people_0147,people_0154,people_0161,people_0148,people_0164,people_0166,people_0226,people_0190,people_0218,people_0194,people_0196,people_0199,people_0198,people_0210,people_0216,people_0214,people_0230,people_0124,people_0135,people_0130,people_0172,people_0171,people_0138,people_0168,people_0240,people_0184,people_0242,people_0183,people_0180,people_0188
BXXVGB	people_0021,people_0023,people_0022,people_0025,people_0027,people_0003,people_0065,people_0067,people_0040,people_0061,people_0063,people_0008,people_0009,people_0047,people_0045,people_0075,people_0035,people_0014,people_0059,people_0017,people_0010,people_0011,people_0013,people_0079,people_0019,people_0073,people_0071,people_0077
MVALMM	people_0074,people_0022,people_0024,people_0026,people_0006,people_0005,people_0004,people_0002,people_0042,people_0064,people_0066,people_0038,people_0036,people_0034,people_0072,people_0070,people_0071,people_0076,people_0012,people_0075,people_0052,people_0018,people_0056,people_0014,people_0080,people_0068
ESHCNB	people_0026,people_0006,people_0004,people_0002,people_0067,people_0078,people_0046,people_0045,people_0062,people_0060,people_0008,people_0036,people_0034,people_0032,people_0058,people_0016,people_0010,people_0012,people_0052,people_0018,people_0019,people_0056,people_0041,people_0070,people_0068
JGYDDV	people_0276,people_0282
GSEPXZ	people_0205,people_0222,people_0207,people_0220,people_0155,people_0203,people_0202,people_0229,people_0143,people_0140,people_0127,people_0147,people_0161,people_0162,people_0163,people_0129,people_0243,people_0225,people_0218,people_0191,people_0190,people_0193,people_0199,people_0216,people_0231,people_0201,people_0235,people_0237,people_0223,people_0227,people_0179,people_0159,people_0158,people_0131,people_0130,people_0173,people_0171,people_0177,people_0153,people_0125,people_0135,people_0187,people_0184,people_0183
PRNWFK	people_0205,people_0223,people_0201,people_0226,people_0225,people_0229,people_0209,people_0169,people_0141,people_0145,people_0161,people_0162,people_0149,people_0164,people_0157,people_0129,people_0190,people_0218,people_0195,people_0153,people_0213,people_0217,people_0194,people_0233,people_0235,people_0179,people_0133,people_0131,people_0173,people_0171,people_0176,people_0175,people_0138,people_0143,people_0241,people_0187,people_0243,people_0185,people_0183,people_0181,people_0188
WCHOOL	people_0141,people_0207,people_0201,people_0200,people_0225,people_0209,people_0169,people_0127,people_0145,people_0227,people_0149,people_0165,people_0129,people_0191,people_0219,people_0199,people_0211,people_0215,people_0231,people_0233,people_0235,people_0239,people_0179,people_0132,people_0173,people_0171,people_0153,people_0143,people_0125,people_0187,people_0243,people_0185,people_0183,people_0181
KGXGYM	people_0280
SAXSER	people_0029,people_0021,people_0023,people_0022,people_0024,people_0027,people_0005,people_0003,people_0041,people_0061,people_0009,people_0047,people_0019,people_0063,people_0075,people_0035,people_0031,people_0059,people_0017,people_0010,people_0077,people_0013,people_0051,people_0078,people_0053,people_0055,people_0073
FLQFKM	people_0222,people_0206,people_0200,people_0228,people_0208,people_0168,people_0169,people_0140,people_0220,people_0144,people_0148,people_0163,people_0164,people_0162,people_0226,people_0170,people_0128,people_0190,people_0218,people_0196,people_0198,people_0174,people_0216,people_0213,people_0234,people_0236,people_0136,people_0134,people_0159,people_0158,people_0130,people_0154,people_0156,people_0176,people_0138,people_0142,people_0149,people_0184,people_0185,people_0180,people_0181,people_0133,people_0132
NEFJPF	people_0287
MUQTRA	people_0029,people_0023,people_0027,people_0065,people_0005,people_0003,people_0043,people_0041,people_0047,people_0053,people_0035,people_0031,people_0059,people_0071,people_0077,people_0013,people_0051,people_0079,people_0019,people_0057,people_0017,people_0011
OZHXBX	people_0287
CCFZNY	people_0204,people_0206,people_0227,people_0202,people_0208,people_0168,people_0140,people_0220,people_0146,people_0162,people_0164,people_0148,people_0240,people_0224,people_0243,people_0176,people_0190,people_0218,people_0192,people_0194,people_0196,people_0138,people_0216,people_0242,people_0236,people_0129,people_0136,people_0178,people_0158,people_0130,people_0172,people_0156,people_0151,people_0150,people_0174,people_0142,people_0211,people_0241,people_0187,people_0184,people_0134,people_0222,people_0180,people_0181,people_0188,people_0132
QXGRRJ	people_0012,people_0022,people_0026,people_0005,people_0004,people_0002,people_0042,people_0043,people_0064,people_0040,people_0078,people_0044,people_0038,people_0036,people_0032,people_0030,people_0014,people_0016,people_0076,people_0074,people_0013,people_0052,people_0056,people_0080,people_0068
PRVSEY	people_0222,people_0206,people_0200,people_0202,people_0219,people_0142,people_0140,people_0220,people_0144,people_0160,people_0161,people_0148,people_0149,people_0164,people_0162,people_0241,people_0170,people_0190,people_0218,people_0192,people_0196,people_0198,people_0152,people_0216,people_0214,people_0234,people_0136,people_0135,people_0134,people_0132,people_0130,people_0154,people_0156,people_0176,people_0174,people_0277,people_0186,people_0240,people_0184,people_0180,people_0138,people_0188
EYWJML	people_0256,people_0254,people_0252,people_0244,people_0268,people_0249,people_0266,people_0270,people_0258,people_0260
QMMLPM	people_0221,people_0206,people_0201,people_0225,people_0169,people_0127,people_0161,people_0149,people_0164,people_0165,people_0218,people_0191,people_0193,people_0197,people_0213,people_0211,people_0215,people_0230,people_0231,people_0233,people_0235,people_0237,people_0227,people_0179,people_0134,people_0133,people_0131,people_0173,people_0151,people_0135,people_0241,people_0187,people_0243,people_0185,people_0181,people_0159
NOKQMV	people_0284
KTEKHR	people_0274
UGOZQY	people_0285
VIZSUX	people_0222,people_0155,people_0225,people_0229,people_0209,people_0169,people_0140,people_0141,people_0201,people_0148,people_0163,people_0129,people_0241,people_0149,people_0151,people_0193,people_0197,people_0211,people_0217,people_0214,people_0231,people_0233,people_0234,people_0235,people_0137,people_0179,people_0132,people_0131,people_0130,people_0173,people_0171,people_0177,people_0143,people_0135,people_0186,people_0187,people_0183,people_0181,people_0189
WZVJYD	people_0274
LPWRAD	people_0220,people_0200,people_0168,people_0143,people_0140,people_0146,people_0144,people_0172,people_0160,people_0162,people_0128,people_0148,people_0226,people_0176,people_0190,people_0218,people_0196,people_0198,people_0152,people_0216,people_0232,people_0234,people_0236,people_0137,people_0136,people_0179,people_0133,people_0132,people_0130,people_0155,people_0154,people_0156,people_0150,people_0174,people_0124,people_0211,people_0186,people_0243,people_0180,people_0181,people_0188
SZGNFS	people_0029,people_0063,people_0021,people_0027,people_0026,people_0005,people_0003,people_0043,people_0041,people_0047,people_0045,people_0079,people_0061,people_0055,people_0009,people_0035,people_0031,people_0014,people_0073,people_0016,people_0017,people_0010,people_0077,people_0013,people_0051,people_0052,people_0053,people_0019,people_0057
XZPNAW	people_0119,people_0108,people_0104,people_0112,people_0102,people_0098,people_0122,people_0094,people_0096,people_0084,people_0082
QRMMKN	people_0029,people_0021,people_0023,people_0025,people_0005,people_0003,people_0001,people_0067,people_0041,people_0063,people_0079,people_0009,people_0019,people_0045,people_0034,people_0035,people_0031,people_0073,people_0017,people_0077,people_0013,people_0053,people_0018,people_0055
CQLJLO	people_0223,people_0155,people_0225,people_0229,people_0209,people_0169,people_0127,people_0147,people_0145,people_0201,people_0287,people_0149,people_0164,people_0157,people_0129,people_0193,people_0196,people_0199,people_0213,people_0211,people_0215,people_0233,people_0234,people_0236,people_0237,people_0136,people_0179,people_0159,people_0158,people_0131,people_0173,people_0171,people_0153,people_0138,people_0143,people_0125,people_0135,people_0243,people_0183,people_0181
FYQJVZ	people_0275
BWGALY	people_0222,people_0220,people_0200,people_0202,people_0142,people_0140,people_0146,people_0144,people_0154,people_0160,people_0148,people_0164,people_0162,people_0128,people_0218,people_0193,people_0192,people_0291,people_0196,people_0216,people_0242,people_0230,people_0232,people_0236,people_0179,people_0178,people_0132,people_0130,people_0172,people_0156,people_0151,people_0153,people_0138,people_0186,people_0187,people_0184,people_0134,people_0182,people_0183,people_0180,people_0188
ANELQQ	people_0036,people_0034,people_0022,people_0032,people_0024,people_0072,people_0006,people_0016,people_0004,people_0010,people_0056,people_0012,people_0080,people_0064,people_0052,people_0044,people_0078,people_0046,people_0045,people_0008
GZCIMW	people_0285
NXQBWQ	people_0205,people_0207,people_0220,people_0201,people_0225,people_0169,people_0141,people_0161,people_0163,people_0157,people_0149,people_0151,people_0129,people_0193,people_0199,people_0213,people_0211,people_0217,people_0215,people_0231,people_0233,people_0235,people_0237,people_0238,people_0137,people_0179,people_0178,people_0133,people_0132,people_0171,people_0177,people_0174,people_0125,people_0241,people_0187,people_0243,people_0183,people_0181,people_0159,people_0158
XVZTZW	people_0028,people_0063,people_0020,people_0022,people_0024,people_0027,people_0026,people_0006,people_0004,people_0064,people_0042,people_0040,people_0061,people_0046,people_0045,people_0062,people_0009,people_0038,people_0036,people_0034,people_0032,people_0016,people_0010,people_0011,people_0012,people_0013,people_0052,people_0056,people_0070,people_0048,people_0078
UJQPWE	people_0112,people_0108,people_0083,people_0104,people_0105,people_0102,people_0100,people_0098,people_0099,people_0110,people_0094,people_0120,people_0090,people_0082
TCEVYF	people_0108,people_0106,people_0104,people_0112,people_0102,people_0114,people_0100,people_0116,people_0094,people_0098,people_0121,people_0122,people_0088,people_0087,people_0120,people_0084,people_0083,people_0113
UEQXPP	people_0119,people_0109,people_0105,people_0115,people_0091,people_0122,people_0087,people_0095,people_0085,people_0101,people_0083,people_0082
JPJIEP	people_0280
NYKELV	people_0282
EVIRJT	people_0286
UELTSZ	people_0119,people_0112,people_0109,people_0111,people_0105,people_0115,people_0103,people_0101,people_0123,people_0087,people_0097,people_0083,people_0091
HGPSLC	people_0279
AQZEHQ	people_0293
AMPWIZ	people_0292
PENWMX	people_0204,people_0220,people_0200,people_0222,people_0228,people_0208,people_0140,people_0146,people_0144,people_0172,people_0148,people_0164,people_0240,people_0150,people_0190,people_0193,people_0242,people_0194,people_0197,people_0196,people_0198,people_0216,people_0230,people_0232,people_0234,people_0236,people_0178,people_0159,people_0132,people_0130,people_0154,people_0176,people_0174,people_0186,people_0187,people_0184,people_0134,people_0180,people_0188,people_0158
FUFDAZ	people_0281,people_0288
VXGINQ	people_0204,people_0206,people_0200,people_0202,people_0228,people_0168,people_0140,people_0220,people_0146,people_0144,people_0172,people_0162,people_0128,people_0148,people_0226,people_0190,people_0196,people_0198,people_0216,people_0230,people_0232,people_0233,people_0234,people_0236,people_0136,people_0134,people_0132,people_0130,people_0155,people_0154,people_0157,people_0156,people_0142,people_0186,people_0240,people_0184,people_0242,people_0222,people_0183,people_0188
PBIUAO	people_0119,people_0108,people_0109,people_0107,people_0113,people_0105,people_0103,people_0117,people_0101,people_0099,people_0087,people_0095,people_0097,people_0091,people_0121
DADDAW	people_0063,people_0021,people_0023,people_0022,people_0027,people_0026,people_0007,people_0049,people_0003,people_0001,people_0041,people_0078,people_0067,people_0045,people_0055,people_0009,people_0035,people_0031,people_0017,people_0010,people_0011,people_0013,people_0051,people_0052,people_0053,people_0019,people_0005,people_0080,people_0077
XPSLNI	people_0204,people_0206,people_0201,people_0226,people_0222,people_0142,people_0140,people_0220,people_0146,people_0154,people_0160,people_0162,people_0164,people_0166,people_0241,people_0224,people_0243,people_0150,people_0190,people_0218,people_0196,people_0198,people_0138,people_0216,people_0213,people_0214,people_0233,people_0234,people_0235,people_0236,people_0124,people_0178,people_0158,people_0130,people_0172,people_0156,people_0176,people_0174,people_0168,people_0186,people_0184,people_0183,people_0188
YMRNFD	people_0020,people_0022,people_0006,people_0004,people_0068,people_0042,people_0064,people_0052,people_0009,people_0008,people_0060,people_0038,people_0034,people_0070,people_0010,people_0077,people_0012,people_0078,people_0018,people_0016,people_0048,people_0080
DRNSOG	people_0204,people_0206,people_0200,people_0202,people_0168,people_0140,people_0220,people_0160,people_0148,people_0128,people_0226,people_0190,people_0218,people_0242,people_0194,people_0196,people_0198,people_0217,people_0214,people_0234,people_0236,people_0237,people_0238,people_0136,people_0134,people_0159,people_0132,people_0130,people_0154,people_0157,people_0156,people_0176,people_0174,people_0142,people_0186,people_0184,people_0185,people_0222,people_0180,people_0188,people_0158
XBPLFS	people_0278
OQNSYF	people_0289,people_0108,people_0109,people_0104,people_0112,people_0102,people_0120,people_0088,people_0086,people_0090,people_0082
TSNVNZ	people_0290
MCCGDE	people_0029,people_0075,people_0025,people_0027,people_0005,people_0003,people_0001,people_0043,people_0041,people_0045,people_0019,people_0009,people_0039,people_0035,people_0031,people_0015,people_0017,people_0010,people_0011,people_0013,people_0051,people_0053,people_0055,people_0056,people_0057,people_0059,people_0071
FQXMTC	people_0204,people_0206,people_0200,people_0202,people_0208,people_0168,people_0140,people_0220,people_0146,people_0144,people_0148,people_0149,people_0165,people_0226,people_0170,people_0240,people_0222,people_0150,people_0190,people_0218,people_0198,people_0138,people_0216,people_0217,people_0214,people_0230,people_0232,people_0234,people_0136,people_0158,people_0130,people_0154,people_0156,people_0176,people_0152,people_0142,people_0211,people_0186,people_0187,people_0243,people_0182,people_0188,people_0132
VGDLXI	people_0029,people_0021,people_0023,people_0022,people_0027,people_0005,people_0004,people_0003,people_0001,people_0043,people_0067,people_0047,people_0045,people_0008,people_0061,people_0055,people_0063,people_0039,people_0034,people_0033,people_0031,people_0073,people_0017,people_0010,people_0011,people_0013,people_0053,people_0019,people_0071,people_0080,people_0077
UKBKHY	people_0223,people_0222,people_0206,people_0201,people_0200,people_0168,people_0169,people_0140,people_0220,people_0154,people_0162,people_0164,people_0148,people_0166,people_0226,people_0241,people_0156,people_0190,people_0193,people_0196,people_0213,people_0216,people_0214,people_0232,people_0236,people_0238,people_0136,people_0132,people_0130,people_0172,people_0170,people_0150,people_0174,people_0142,people_0186,people_0240,people_0184,people_0242,people_0181,people_0188,people_0158
PHVTUM	people_0276
OXDOLY	people_0283
IZQBFS	people_0255,people_0245,people_0253,people_0250,people_0249,people_0265,people_0273,people_0263,people_0262,people_0261,people_0259
ARBDVN	people_0120,people_0108,people_0104,people_0114,people_0098,people_0122,people_0088,people_0094,people_0095,people_0082
SOMBEV	people_0287
YNMLSK	people_0284
TGZZEH	people_0291
RIWEWZ	people_0029,people_0063,people_0023,people_0075,people_0025,people_0027,people_0007,people_0005,people_0003,people_0001,people_0043,people_0041,people_0045,people_0019,people_0009,people_0037,people_0035,people_0033,people_0031,people_0073,people_0076,people_0011,people_0013,people_0051,people_0053,people_0055,people_0077
TNLEFF	people_0285
LYRTRY	people_0205,people_0155,people_0203,people_0219,people_0229,people_0125,people_0141,people_0145,people_0161,people_0163,people_0171,people_0165,people_0149,people_0225,people_0243,people_0129,people_0191,people_0193,people_0185,people_0199,people_0213,people_0211,people_0217,people_0215,people_0233,people_0236,people_0237,people_0137,people_0136,people_0133,people_0131,people_0130,people_0173,people_0157,people_0177,people_0175,people_0138,people_0169,people_0241,people_0187,people_0201,people_0127,people_0181
ENHZMI	people_0221,people_0220,people_0201,people_0203,people_0229,people_0209,people_0169,people_0140,people_0127,people_0148,people_0149,people_0171,people_0165,people_0225,people_0243,people_0129,people_0191,people_0193,people_0153,people_0199,people_0213,people_0211,people_0231,people_0237,people_0179,people_0133,people_0131,people_0157,people_0176,people_0175,people_0143,people_0241,people_0187,people_0184,people_0141,people_0183,people_0159
GGUDDN	people_0288
OFESGK	people_0205,people_0155,people_0225,people_0202,people_0229,people_0209,people_0169,people_0141,people_0146,people_0161,people_0162,people_0149,people_0165,people_0243,people_0219,people_0199,people_0213,people_0211,people_0231,people_0233,people_0234,people_0237,people_0136,people_0179,people_0159,people_0131,people_0173,people_0171,people_0177,people_0135,people_0241,people_0187,people_0201,people_0185,people_0183,people_0180,people_0181
YUEWSW	people_0204,people_0206,people_0200,people_0202,people_0168,people_0140,people_0220,people_0146,people_0172,people_0164,people_0129,people_0167,people_0170,people_0128,people_0190,people_0218,people_0152,people_0216,people_0230,people_0232,people_0236,people_0134,people_0133,people_0158,people_0131,people_0130,people_0155,people_0154,people_0156,people_0176,people_0174,people_0142,people_0186,people_0184,people_0242,people_0222,people_0180,people_0138,people_0188,people_0132
ISODJZ	people_0289
XRHAWE	people_0204,people_0206,people_0200,people_0202,people_0142,people_0140,people_0172,people_0148,people_0164,people_0226,people_0128,people_0150,people_0190,people_0218,people_0194,people_0196,people_0198,people_0138,people_0214,people_0230,people_0232,people_0233,people_0234,people_0136,people_0134,people_0158,people_0130,people_0154,people_0171,people_0156,people_0176,people_0174,people_0186,people_0184,people_0242,people_0188,people_0132
NMNKBH	people_0267,people_0255,people_0245,people_0244,people_0247,people_0249,people_0266,people_0259,people_0263,people_0258,people_0253
NQQUZB	people_0281
AVDARN	people_0275
CGDWWV	people_0290
WHTLLH	people_0204,people_0207,people_0201,people_0225,people_0229,people_0169,people_0141,people_0145,people_0161,people_0163,people_0157,people_0241,people_0149,people_0151,people_0165,people_0191,people_0193,people_0219,people_0199,people_0198,people_0211,people_0217,people_0214,people_0231,people_0233,people_0235,people_0237,people_0179,people_0133,people_0173,people_0171,people_0156,people_0177,people_0139,people_0135,people_0186,people_0187,people_0243,people_0242,people_0182,people_0183,people_0159,people_0188,people_0189
AQRGKK	people_0222,people_0201,people_0229,people_0169,people_0141,people_0163,people_0128,people_0165,people_0283,people_0241,people_0149,people_0129,people_0193,people_0219,people_0153,people_0199,people_0213,people_0211,people_0231,people_0233,people_0237,people_0179,people_0133,people_0131,people_0130,people_0173,people_0171,people_0151,people_0175,people_0143,people_0135,people_0186,people_0187,people_0185,people_0183,people_0181,people_0159
FDVIGY	people_0223,people_0222,people_0220,people_0155,people_0229,people_0209,people_0168,people_0169,people_0145,people_0161,people_0163,people_0129,people_0149,people_0151,people_0243,people_0193,people_0197,people_0199,people_0213,people_0211,people_0217,people_0231,people_0233,people_0237,people_0179,people_0134,people_0133,people_0173,people_0171,people_0177,people_0153,people_0143,people_0125,people_0135,people_0241,people_0187,people_0201,people_0185,people_0183,people_0180
VCSEYL	people_0204,people_0206,people_0200,people_0222,people_0228,people_0140,people_0146,people_0144,people_0148,people_0164,people_0226,people_0128,people_0191,people_0190,people_0218,people_0194,people_0196,people_0212,people_0198,people_0216,people_0232,people_0234,people_0236,people_0137,people_0136,people_0179,people_0134,people_0158,people_0130,people_0155,people_0172,people_0156,people_0176,people_0138,people_0186,people_0184,people_0182,people_0183,people_0180,people_0188,people_0132
NPGHBN	people_0268,people_0256,people_0254,people_0252,people_0246,people_0248,people_0264,people_0258,people_0260
ECDINE	people_0257,people_0245,people_0253,people_0247,people_0249,people_0265,people_0273,people_0263,people_0261,people_0259
ASOONQ	people_0204,people_0220,people_0200,people_0202,people_0208,people_0168,people_0140,people_0160,people_0148,people_0163,people_0164,people_0162,people_0226,people_0149,people_0224,people_0218,people_0219,people_0196,people_0198,people_0210,people_0138,people_0217,people_0230,people_0136,people_0134,people_0132,people_0130,people_0172,people_0156,people_0176,people_0174,people_0142,people_0240,people_0184,people_0242,people_0222,people_0180,people_0188
OKHCNM	people_0204,people_0220,people_0200,people_0202,people_0142,people_0143,people_0140,people_0172,people_0148,people_0163,people_0164,people_0165,people_0226,people_0156,people_0128,people_0222,people_0150,people_0218,people_0242,people_0194,people_0196,people_0198,people_0210,people_0138,people_0216,people_0213,people_0230,people_0236,people_0237,people_0178,people_0132,people_0130,people_0154,people_0170,people_0176,people_0174,people_0186,people_0184,people_0134,people_0182,people_0183,people_0180,people_0188
LSYTIF	people_0221,people_0155,people_0203,people_0229,people_0209,people_0169,people_0140,people_0145,people_0161,people_0163,people_0128,people_0129,people_0225,people_0218,people_0193,people_0153,people_0211,people_0217,people_0231,people_0233,people_0235,people_0237,people_0136,people_0179,people_0133,people_0131,people_0173,people_0171,people_0151,people_0175,people_0143,people_0135,people_0241,people_0201,people_0185,people_0183,people_0181
SGKELH	people_0119,people_0109,people_0113,people_0105,people_0115,people_0100,people_0101,people_0099,people_0087,people_0095,people_0085,people_0097,people_0091,people_0121,people_0093
NQGIAQ	people_0284
PJSSSV	people_0022,people_0024,people_0004,people_0002,people_0064,people_0041,people_0040,people_0078,people_0060,people_0063,people_0008,people_0066,people_0045,people_0038,people_0034,people_0032,people_0031,people_0058,people_0070,people_0017,people_0010,people_0012,people_0051,people_0052,people_0056,people_0057,people_0076,people_0080,people_0068
KWRVBY	people_0276
RMIOKL	people_0121,people_0112,people_0109,people_0113,people_0105,people_0115,people_0101,people_0120,people_0099,people_0087,people_0095,people_0085,people_0097,people_0091,people_0093
LOEGVT	people_0275
ZXUWVS	people_0291
LEXOLM	people_0020,people_0024,people_0027,people_0026,people_0004,people_0002,people_0043,people_0041,people_0066,people_0061,people_0078,people_0062,people_0044,people_0038,people_0032,people_0030,people_0058,people_0016,people_0071,people_0076,people_0074,people_0075,people_0050,people_0052,people_0056,people_0080
ISZIIP	people_0222,people_0155,people_0226,people_0225,people_0142,people_0169,people_0145,people_0148,people_0163,people_0165,people_0149,people_0129,people_0193,people_0219,people_0211,people_0242,people_0231,people_0235,people_0137,people_0179,people_0173,people_0171,people_0151,people_0153,people_0138,people_0143,people_0125,people_0241,people_0187,people_0243,people_0185,people_0183,people_0180,people_0181
WPJPJO	people_0281
DEDKWD	people_0062,people_0080,people_0060,people_0001,people_0076,people_0032,people_0026,people_0006,people_0070,people_0010,people_0012,people_0013,people_0050,people_0042,people_0052,people_0044,people_0078,people_0046,people_0056,people_0008
ERZGEW	people_0293
RSCFQV	people_0247,people_0255,people_0245,people_0250,people_0268,people_0266,people_0264,people_0262,people_0258
UCCZZX	people_0288
CUIMRV	people_0286
PYQPID	people_0029,people_0063,people_0021,people_0023,people_0075,people_0027,people_0065,people_0049,people_0003,people_0001,people_0043,people_0042,people_0041,people_0047,people_0067,people_0045,people_0055,people_0009,people_0035,people_0031,people_0017,people_0011,people_0013,people_0053,people_0054,people_0019,people_0005,people_0077
VRGGRX	people_0283
VKFCHT	people_0204,people_0206,people_0226,people_0202,people_0208,people_0142,people_0125,people_0220,people_0162,people_0164,people_0148,people_0156,people_0224,people_0218,people_0196,people_0216,people_0230,people_0234,people_0236,people_0124,people_0136,people_0134,people_0132,people_0130,people_0155,people_0154,people_0157,people_0170,people_0176,people_0174,people_0168,people_0240,people_0184,people_0242,people_0222,people_0180,people_0188,people_0158
WNAJOE	people_0063,people_0021,people_0075,people_0027,people_0007,people_0005,people_0004,people_0003,people_0001,people_0043,people_0064,people_0067,people_0047,people_0045,people_0079,people_0061,people_0019,people_0009,people_0034,people_0035,people_0033,people_0073,people_0016,people_0071,people_0011,people_0013,people_0051,people_0078,people_0053,people_0055,people_0056,people_0077
RJEWIZ	people_0267,people_0255,people_0245,people_0253,people_0269,people_0251,people_0249,people_0266,people_0265,people_0271,people_0261,people_0259
AYCAFB	people_0029,people_0021,people_0023,people_0027,people_0007,people_0065,people_0049,people_0003,people_0001,people_0043,people_0042,people_0041,people_0066,people_0047,people_0067,people_0045,people_0079,people_0063,people_0034,people_0033,people_0016,people_0017,people_0010,people_0011,people_0075,people_0050,people_0051,people_0053,people_0019,people_0056,people_0005,people_0077
KNUOOL	people_0292
RXRQLI	people_0119,people_0118,people_0108,people_0110,people_0104,people_0112,people_0103,people_0100,people_0101,people_0098,people_0099,people_0088,people_0094,people_0085,people_0116,people_0083,people_0096
VITHSX	people_0274
AGDDOJ	people_0278
AHZBWG	people_0281
LTWCRU	people_0284
HVYOPV	people_0221,people_0206,people_0201,people_0225,people_0229,people_0142,people_0173,people_0141,people_0147,people_0161,people_0163,people_0157,people_0149,people_0151,people_0218,people_0129,people_0193,people_0242,people_0139,people_0199,people_0213,people_0217,people_0231,people_0233,people_0235,people_0237,people_0179,people_0134,people_0155,people_0171,people_0177,people_0176,people_0153,people_0174,people_0124,people_0125,people_0290,people_0241,people_0243,people_0185,people_0183,people_0180,people_0181,people_0188
DKZRJI	people_0282
RDFYTC	people_0029,people_0024,people_0026,people_0006,people_0004,people_0002,people_0064,people_0078,people_0060,people_0062,people_0046,people_0038,people_0036,people_0034,people_0032,people_0058,people_0070,people_0010,people_0012,people_0052,people_0079,people_0056,people_0072,people_0016,people_0048,people_0076,people_0080
AEUZRH	people_0205,people_0207,people_0155,people_0225,people_0219,people_0209,people_0143,people_0127,people_0145,people_0161,people_0163,people_0171,people_0165,people_0154,people_0149,people_0243,people_0129,people_0190,people_0193,people_0192,people_0153,people_0197,people_0198,people_0211,people_0217,people_0215,people_0237,people_0137,people_0135,people_0133,people_0132,people_0173,people_0172,people_0157,people_0156,people_0175,people_0179,people_0187,people_0201,people_0181,people_0188,people_0158
SJIVOE	people_0204,people_0206,people_0200,people_0203,people_0202,people_0142,people_0140,people_0220,people_0146,people_0172,people_0148,people_0164,people_0162,people_0226,people_0222,people_0243,people_0218,people_0196,people_0138,people_0216,people_0230,people_0234,people_0136,people_0135,people_0158,people_0130,people_0154,people_0170,people_0176,people_0174,people_0124,people_0126,people_0240,people_0184,people_0242,people_0182,people_0183,people_0180,people_0181,people_0188,people_0132
KNBOPQ	people_0072,people_0063,people_0066,people_0077,people_0036,people_0034,people_0035,people_0060,people_0014,people_0080,people_0004,people_0003,people_0002,people_0012,people_0064,people_0042,people_0040,people_0055,people_0056,people_0008
PQTFVC	people_0222,people_0206,people_0200,people_0168,people_0140,people_0220,people_0146,people_0144,people_0161,people_0148,people_0149,people_0164,people_0226,people_0243,people_0128,people_0218,people_0176,people_0193,people_0242,people_0196,people_0174,people_0216,people_0214,people_0230,people_0232,people_0233,people_0234,people_0238,people_0136,people_0135,people_0134,people_0158,people_0130,people_0155,people_0172,people_0156,people_0151,people_0150,people_0153,people_0138,people_0142,people_0184,people_0178,people_0180,people_0188,people_0132
BNVHFZ	people_0021,people_0022,people_0006,people_0049,people_0004,people_0002,people_0043,people_0064,people_0078,people_0008,people_0005,people_0038,people_0036,people_0034,people_0070,people_0017,people_0010,people_0012,people_0052,people_0018,people_0056,people_0057,people_0016,people_0076
PWGDJO	people_0277
OVFMBV	people_0280
JLLWUI	people_0286
XRQTCG	people_0277
HKDQFU	people_0283
WCPDXN	people_0291
GFNAYW	people_0287
CLHTTG	people_0279
MYNCWC	people_0223,people_0221,people_0155,people_0225,people_0209,people_0143,people_0127,people_0161,people_0149,people_0129,people_0167,people_0243,people_0193,people_0197,people_0196,people_0199,people_0213,people_0211,people_0217,people_0233,people_0235,people_0237,people_0137,people_0179,people_0133,people_0173,people_0171,people_0151,people_0153,people_0125,people_0135,people_0187,people_0201,people_0185,people_0183,people_0181,people_0188
QWBAOP	people_0204,people_0220,people_0201,people_0200,people_0225,people_0202,people_0142,people_0140,people_0144,people_0160,people_0162,people_0164,people_0226,people_0222,people_0150,people_0190,people_0218,people_0194,people_0196,people_0198,people_0210,people_0152,people_0216,people_0217,people_0215,people_0230,people_0234,people_0136,people_0134,people_0133,people_0158,people_0130,people_0172,people_0151,people_0176,people_0174,people_0211,people_0126,people_0186,people_0184,people_0242,people_0182,people_0183,people_0180,people_0188,people_0132
EBQZML	people_0029,people_0020,people_0075,people_0025,people_0027,people_0007,people_0049,people_0003,people_0001,people_0064,people_0067,people_0047,people_0060,people_0045,people_0061,people_0019,people_0035,people_0033,people_0031,people_0059,people_0017,people_0011,people_0013,people_0051,people_0053,people_0055,people_0057,people_0069,people_0077
VTZGII	people_0029,people_0074,people_0022,people_0024,people_0026,people_0006,people_0004,people_0002,people_0064,people_0042,people_0062,people_0278,people_0044,people_0008,people_0036,people_0034,people_0032,people_0030,people_0072,people_0016,people_0017,people_0010,people_0012,people_0052,people_0018,people_0056,people_0071,people_0076,people_0080
YQFMYQ	people_0222,people_0203,people_0229,people_0209,people_0143,people_0141,people_0145,people_0161,people_0148,people_0163,people_0171,people_0149,people_0225,people_0243,people_0165,people_0191,people_0193,people_0197,people_0199,people_0213,people_0138,people_0217,people_0230,people_0231,people_0233,people_0237,people_0129,people_0159,people_0132,people_0131,people_0155,people_0157,people_0177,people_0175,people_0152,people_0211,people_0125,people_0241,people_0187,people_0184,people_0242,people_0181
IIUJUU	people_0288
OSEAME	people_0023,people_0022,people_0026,people_0004,people_0002,people_0042,people_0043,people_0064,people_0066,people_0046,people_0009,people_0018,people_0060,people_0036,people_0034,people_0032,people_0014,people_0070,people_0010,people_0075,people_0050,people_0053,people_0054,people_0056,people_0048,people_0080,people_0068
WVIEFD	people_0257,people_0254,people_0246,people_0266,people_0264,people_0258,people_0260
CXGJVQ	people_0062,people_0028,people_0066,people_0036,people_0034,people_0032,people_0031,people_0014,people_0070,people_0010,people_0002,people_0080,people_0064,people_0052,people_0040,people_0047,people_0060,people_0056,people_0008
ITBQOG	people_0292
EOIKRP	people_0276
KYXDDY	people_0029,people_0021,people_0023,people_0075,people_0027,people_0007,people_0065,people_0005,people_0003,people_0043,people_0041,people_0061,people_0067,people_0045,people_0009,people_0038,people_0035,people_0031,people_0015,people_0070,people_0017,people_0010,people_0011,people_0013,people_0051,people_0053,people_0054,people_0059,people_0071,people_0077
EWGKIO	people_0020,people_0022,people_0027,people_0004,people_0002,people_0064,people_0042,people_0040,people_0078,people_0046,people_0009,people_0008,people_0018,people_0060,people_0062,people_0036,people_0034,people_0035,people_0058,people_0070,people_0017,people_0012,people_0052,people_0054,people_0019,people_0056,people_0014,people_0080,people_0068
PXQPNR	people_0119,people_0113,people_0105,people_0115,people_0103,people_0101,people_0099,people_0089,people_0087,people_0095,people_0085,people_0097,people_0083,people_0121
FGPQFK	people_0289
VBFSVD	people_0205,people_0222,people_0155,people_0225,people_0229,people_0209,people_0168,people_0169,people_0141,people_0161,people_0163,people_0165,people_0167,people_0149,people_0151,people_0243,people_0129,people_0191,people_0153,people_0199,people_0213,people_0211,people_0217,people_0157,people_0233,people_0235,people_0237,people_0227,people_0179,people_0133,people_0173,people_0171,people_0177,people_0175,people_0143,people_0241,people_0201,people_0185,people_0183,people_0181
